{
  "sot_MA5": {
    "mean": 0.34183214191157,
    "std": 0.3896932266518772
  },
  "min_MA5": {
    "mean": 59.50599682287531,
    "std": 24.208252822116496
  },
  "sot_conceded_MA5": {
    "mean": 3.5240890688259103,
    "std": 1.5870088068367385
  },
  "tackles_att_3rd_MA5": {
    "mean": 2.3036437246963564,
    "std": 1.2859540352925323
  }
}