{
    "sot_conceded_MA5": {
        "mean": 2.762564102564103,
        "std": 1.472598815540705
    },
    "tackles_att_3rd_MA5": {
        "mean": 2.50974358974359,
        "std": 1.8615288549586129
    },
    "sot_MA5": {
        "mean": 0.24829059829059832,
        "std": 0.49032367459263454
    },
    "min_MA5": {
        "mean": 67.65128205128205,
        "std": 28.60176099429156
    }
}